time,status
1706802120,on
1706802185,on
1706802251,on
1706802301,on
1706802385,off
1706802421,on
1706802480,on
1706802565,off
1706802601,on
1706802665,on
1706802726,on
1706802780,on
1706802850,on
1706802901,on
1706802971,on
1706803025,on
1706803080,on
1706803146,on
1706803201,on
1706803261,on
1706803326,on
1706803381,on
1706803440,on
1706803501,on
1706803560,on
1706803621,on
1706803680,on
1706803741,on
1706803810,on
1706803880,off
1706803937,on
1706803981,on
1706804052,on
1706804101,on
1706804175,on
1706804222,on
1706804300,off
1706804365,on
1706804425,off
1706804471,on
1706804540,off
1706804600,off
1706804660,off
1706804727,on
1706804762,on
1706804821,on
1706804900,off
1706804960,off
1706805020,off
1706805085,off
1706805145,off
1706805200,off
1706805265,off
1706805330,off
1706805390,off
1706805440,off
1706805501,on
1706805565,off
1706805620,off
1706805680,off
1706805740,off
1706805800,off
1706805860,off
1706805920,off
1706805981,on
1706806040,off
1706806103,on
1706806160,off
1706806220,off
1706806280,off
1706806340,off
1706806405,off
1706806460,off
1706806520,off
1706806580,off
1706806645,off
1706806685,off
1706806740,off
1706806800,off
1706806860,off
1706806920,off
1706806980,off
1706807040,off
1706807100,off
1706807160,off
1706807220,off
1706807280,off
1706807340,off
1706807400,off
1706807460,off
1706807520,off
1706807580,off
1706807640,off
1706807700,off
1706807760,off
1706807820,off
1706807880,off
1706807940,off
1706808000,off
1706808060,off
1706808120,off
1706808180,off
1706808265,off
1706808325,off
1706808380,off
1706808445,off
1706808500,off
1706808551,on
1706808620,off
1706808680,off
1706808740,off
1706808800,off
1706808860,off
1706808920,off
1706808980,off
1706809040,off
1706809100,off
1706809160,off
1706809220,off
1706809280,off
1706809340,off
1706809400,off
1706809460,off
1706809520,off
1706809580,off
1706809642,on
1706809700,off
1706809760,off
1706809820,off
1706809880,off
1706809945,off
1706810000,off
1706810060,off
1706810125,off
1706810180,off
1706810240,off
1706810300,off
1706810360,off
1706810420,off
1706810485,off
1706810540,off
1706810600,off
1706810660,off
1706810720,off
1706810780,off
1706810841,on
1706810905,off
1706810960,off
1706811020,off
1706811080,off
1706811140,off
1706811200,off
1706811260,off
1706811326,off
1706811380,off
1706811440,off
1706811500,off
1706811565,off
1706811621,off
1706811680,off
1706811745,off
1706811800,off
1706811860,off
1706811920,off
1706811985,off
1706812040,off
1706812100,off
1706812160,off
1706812220,off
1706812280,off
1706812345,off
1706812406,off
1706812460,off
1706812520,off
1706812580,off
1706812640,off
1706812691,on
1706812760,off
1706812820,off
1706812881,off
1706812940,off
1706813000,off
1706813060,off
1706813120,off
1706813180,off
1706813240,off
1706813305,off
1706813351,on
1706813425,off
1706813480,off
1706813535,on
1706813600,off
1706813660,off
1706813720,off
1706813771,on
1706813836,on
1706813906,off
1706813960,off
1706814005,on
1706814061,on
1706814127,on
1706814181,on
1706814246,on
1706814301,on
1706814380,off
1706814420,on
1706814491,on
1706814541,on
1706814606,on
1706814660,on
1706814720,on
1706814781,on
1706814840,on
1706814900,on
1706814962,on
1706815021,on
1706815081,on
1706815146,on
1706815200,on
1706815261,on
1706815321,on
1706815380,on
1706815440,on
1706815500,on
1706815561,on
1706815620,on
1706815680,on
1706815741,on
1706815801,on
1706815860,on
1706815920,on
1706815980,on
1706816040,on
1706816101,on
1706816160,on
1706816221,on
1706816280,on
1706816340,on
1706816400,on
1706816460,on
1706816520,on
1706816580,on
1706816640,on
1706816700,on
1706816760,on
1706816820,on
1706816886,on
1706816941,on
1706817000,on
1706817060,on
1706817121,on
1706817180,on
1706817240,on
1706817300,on
1706817361,on
1706817420,on
1706817480,on
1706817540,on
1706817600,on
1706817660,on
1706817720,on
1706817781,on
1706817840,on
1706817900,on
1706817960,on
1706818021,on
1706818080,on
1706818140,on
1706818200,on
1706818261,on
1706818320,on
1706818380,on
1706818440,on
1706818500,on
1706818560,on
1706818621,on
1706818680,on
1706818740,on
1706818800,on
1706818860,on
1706818920,on
1706818981,on
1706819040,on
1706819100,on
1706819160,on
1706819220,on
1706819280,on
1706819341,on
1706819400,on
1706819460,on
1706819520,on
1706819580,on
1706819641,on
1706819700,on
1706819760,on
1706819821,on
1706819881,on
1706819940,on
1706820001,on
1706820060,on
1706820120,on
1706820180,on
1706820240,on
1706820300,on
1706820361,on
1706820420,on
1706820480,on
1706820540,on
1706820600,on
1706820660,on
1706820720,on
1706820780,on
1706820841,on
1706820900,on
1706820961,on
1706821020,on
1706821080,on
1706821140,on
1706821200,on
1706821260,on
1706821321,on
1706821380,on
1706821440,on
1706821500,on
1706821560,on
1706821620,on
1706821680,on
1706821740,on
1706821800,on
1706821860,on
1706821920,on
1706821980,on
1706822040,on
1706822100,on
1706822160,on
1706822221,on
1706822280,on
1706822340,on
1706822401,on
1706822460,on
1706822520,on
1706822580,on
1706822640,on
1706822700,on
1706822760,on
1706822820,on
1706822880,on
1706822940,on
1706823000,on
1706823061,on
1706823120,on
1706823181,on
1706823240,on
1706823300,on
1706823361,on
1706823421,on
1706823480,on
1706823540,on
1706823600,on
1706823660,on
1706823720,on
1706823780,on
1706823841,on
1706823900,on
1706823960,on
1706824020,on
1706824080,on
1706824140,on
1706824200,on
1706824260,on
1706824320,on
1706824380,on
1706824440,on
1706824500,on
1706824560,on
1706824620,on
1706824680,on
1706824741,on
1706824800,on
1706824861,on
1706824921,on
1706824980,on
1706825040,on
1706825100,on
1706825160,on
1706825220,on
1706825281,on
1706825340,on
1706825400,on
1706825460,on
1706825520,on
1706825580,on
1706825640,on
1706825700,on
1706825760,on
1706825820,on
1706825880,on
1706825941,on
1706826000,on
1706826060,on
1706826120,on
1706826180,on
1706826240,on
1706826300,on
1706826360,on
1706826420,on
1706826481,on
1706826541,on
1706826601,on
1706826660,on
1706826720,on
1706826780,on
1706826840,on
1706826900,on
1706826960,on
1706827020,on
1706827080,on
1706827140,on
1706827200,on
1706827260,on
1706827320,on
1706827380,on
1706827440,on
1706827500,on
1706827560,on
1706827620,on
1706827680,on
1706827740,on
1706827800,on
1706827860,on
1706827921,on
1706827980,on
1706828040,on
1706828100,on
1706828160,on
1706828220,on
1706828280,on
1706828340,on
1706828400,on
1706828460,on
1706828520,on
1706828580,on
1706828640,on
1706828700,on
1706828760,on
1706828820,on
1706828880,on
1706828941,on
1706829000,on
1706829060,on
1706829121,on
1706829180,on
1706829241,on
1706829300,on
1706829360,on
1706829420,on
1706829480,on
1706829540,on
1706829600,on
1706829661,on
1706829721,on
1706829780,on
1706829841,on
1706829900,on
1706829960,on
1706830020,on
1706830080,on
1706830140,on
1706830200,on
1706830260,on
1706830320,on
1706830380,on
1706830440,on
1706830501,on
1706830560,on
1706830620,on
1706830680,on
1706830741,on
1706830800,on
1706830861,on
1706830920,on
1706830980,on
1706831040,on
1706831100,on
1706831160,on
1706831220,on
1706831280,on
1706831341,on
1706831400,on
1706831460,on
1706831520,on
1706831580,on
1706831640,on
1706831700,on
1706831760,on
1706831820,on
1706831880,on
1706831940,on
1706832000,on
1706832060,on
1706832120,on
1706832180,on
1706832240,on
1706832300,on
1706832360,on
1706832420,on
1706832480,on
1706832540,on
1706832600,on
1706832660,on
1706832720,on
1706832781,on
1706832841,on
1706832900,on
1706832960,on
1706833021,on
1706833080,on
1706833140,on
1706833200,on
1706833260,on
1706833320,on
1706833381,on
1706833440,on
1706833500,on
1706833560,on
1706833621,on
1706833680,on
1706833740,on
1706833801,on
1706833860,on
1706833920,on
1706833980,on
1706834040,on
1706834100,on
1706834160,on
1706834220,on
1706834280,on
1706834340,on
1706834400,on
1706834460,on
1706834520,on
1706834580,on
1706834640,on
1706834700,on
1706834762,on
1706834820,on
1706834880,on
1706834940,on
1706835000,on
1706835060,on
1706835120,on
1706835180,on
1706835240,on
1706835300,on
1706835360,on
1706835420,on
1706835480,on
1706835540,on
1706835600,on
1706835660,on
1706835720,on
1706835781,on
1706835840,on
1706835900,on
1706835960,on
1706836020,on
1706836080,on
1706836140,on
1706836200,on
1706836261,on
1706836320,on
1706836381,on
1706836440,on
1706836500,on
1706836560,on
1706836620,on
1706836680,on
1706836741,on
1706836800,on
1706836860,on
1706836920,on
1706836981,on
1706837040,on
1706837101,on
1706837160,on
1706837220,on
1706837280,on
1706837340,on
1706837400,on
1706837460,on
1706837520,on
1706837580,on
1706837640,on
1706837700,on
1706837760,on
1706837820,on
1706837880,on
1706837940,on
1706838000,on
1706838060,on
1706838120,on
1706838180,on
1706838240,on
1706838301,on
1706838360,on
1706838420,on
1706838480,on
1706838540,on
1706838600,on
1706838661,on
1706838720,on
1706838780,on
1706838840,on
1706838900,on
1706838961,on
1706839020,on
1706839080,on
1706839140,on
1706839200,on
1706839260,on
1706839320,on
1706839380,on
1706839440,on
1706839500,on
1706839560,on
1706839621,on
1706839680,on
1706839740,on
1706839800,on
1706839860,on
1706839920,on
1706839980,on
1706840041,on
1706840101,on
1706840160,on
1706840220,on
1706840280,on
1706840340,on
1706840400,on
1706840460,on
1706840521,on
1706840581,on
1706840640,on
1706840700,on
1706840761,on
1706840821,on
1706840881,on
1706840940,on
1706841000,on
1706841060,on
1706841126,on
1706841180,on
1706841240,on
1706841300,on
1706841360,on
1706841420,on
1706841480,on
1706841540,on
1706841600,on
1706841660,on
1706841720,on
1706841780,on
1706841840,on
1706841900,on
1706841960,on
1706842021,on
1706842080,on
1706842140,on
1706842200,on
1706842260,on
1706842320,on
1706842380,on
1706842440,on
1706842500,on
1706842560,on
1706842620,on
1706842680,on
1706842740,on
1706842800,on
1706842860,on
1706842921,on
1706842980,on
1706843040,on
1706843100,on
1706843160,on
1706843221,on
1706843281,on
1706843340,on
1706843400,on
1706843460,on
1706843520,on
1706843580,on
1706843640,on
1706843701,on
1706843761,on
1706843820,on
1706843880,on
1706843940,on
1706844000,on
1706844060,on
1706844120,on
1706844181,on
1706844240,on
1706844300,on
1706844360,on
1706844420,on
1706844480,on
1706844540,on
1706844600,on
1706844660,on
1706844720,on
1706844780,on
1706844840,on
1706844900,on
1706844960,on
1706845020,on
1706845080,on
1706845140,on
1706845200,on
1706845260,on
1706845320,on
1706845381,on
1706845440,on
1706845500,on
1706845560,on
1706845620,on
1706845680,on
1706845740,on
1706845800,on
1706845860,on
1706845921,on
1706845980,on
1706846040,on
1706846100,on
1706846160,on
1706846221,on
1706846280,on
1706846341,on
1706846400,on
1706846460,on
1706846520,on
1706846580,on
1706846640,on
1706846700,on
1706846760,on
1706846821,on
1706846880,on
1706846940,on
1706847000,on
1706847060,on
1706847120,on
1706847180,on
1706847240,on
1706847300,on
1706847360,on
1706847420,on
1706847480,on
1706847540,on
1706847600,on
1706847660,on
1706847720,on
1706847780,on
1706847840,on
1706847900,on
1706847960,on
1706848021,on
1706848080,on
1706848140,on
1706848200,on
1706848260,on
1706848320,on
1706848380,on
1706848440,on
1706848500,on
1706848560,on
1706848620,on
1706848681,on
1706848740,on
1706848800,on
1706848861,on
1706848921,on
1706848980,on
1706849041,on
1706849106,on
1706849170,on
1706849220,on
1706849280,on
1706849340,on
1706849401,on
1706849460,on
1706849525,on
1706849580,on
1706849642,on
1706849700,on
1706849761,on
1706849820,on
1706849881,on
1706849940,on
1706850011,on
1706850070,on
1706850131,on
1706850186,on
1706850246,on
1706850300,on
1706850366,on
1706850420,on
1706850480,on
1706850541,on
1706850600,on
1706850660,on
1706850721,on
1706850780,on
1706850840,on
1706850900,on
1706850960,on
1706851020,on
1706851080,on
1706851140,on
1706851201,on
1706851261,on
1706851325,on
1706851380,on
1706851441,on
1706851500,on
1706851560,on
1706851621,on
1706851690,on
1706851740,on
1706851800,on
1706851860,on
1706851920,on
1706851981,on
1706852040,on
1706852100,on
1706852161,on
1706852220,on
1706852280,on
1706852341,on
1706852400,on
1706852461,on
1706852526,on
1706852580,on
1706852640,on
1706852700,on
1706852760,on
1706852820,on
1706852880,on
1706852941,on
1706853000,on
1706853065,on
1706853121,on
1706853180,on
1706853241,on
1706853301,on
1706853371,on
1706853420,on
1706853480,on
1706853541,on
1706853600,on
1706853660,on
1706853720,on
1706853781,on
1706853841,on
1706853900,on
1706853967,on
1706854031,on
1706854081,on
1706854146,on
1706854200,on
1706854260,on
1706854320,on
1706854381,on
1706854446,on
1706854507,on
1706854565,on
1706854621,on
1706854680,on
1706854746,on
1706854805,on
1706854860,on
1706854921,on
1706854980,on
1706855040,on
1706855102,on
1706855166,on
1706855220,on
1706855280,on
1706855341,on
1706855401,on
1706855461,on
1706855520,on
1706855580,on
1706855643,on
1706855701,on
1706855760,on
1706855820,on
1706855880,on
1706855941,on
1706856000,on
1706856060,on
1706856127,on
1706856180,on
1706856240,on
1706856300,on
1706856366,on
1706856420,on
1706856481,on
1706856540,on
1706856600,on
1706856662,on
1706856720,on
1706856782,on
1706856850,on
1706856901,on
1706856961,on
1706857026,on
1706857081,on
1706857140,on
1706857201,on
1706857265,on
1706857320,on
1706857380,on
1706857460,off
1706857501,on
1706857561,on
1706857625,on
1706857680,on
1706857740,on
1706857806,on
1706857861,on
1706857920,on
1706857981,on
1706858041,on
1706858100,on
1706858161,on
1706858221,on
1706858302,on
1706858345,on
1706858401,on
1706858463,on
1706858526,on
1706858586,on
1706858641,on
1706858721,on
1706858777,on
1706858827,on
1706858895,on
1706858940,on
1706859001,on
1706859061,on
1706859140,off
1706859182,on
1706859260,off
1706859306,on
1706859377,on
1706859445,off
1706859483,on
1706859541,on
1706859611,on
1706859685,off
1706859726,on
1706859781,on
1706859867,on
1706859901,on
1706859965,on
1706860026,on
1706860085,on
1706860156,on
1706860203,on
1706860280,off
1706860330,on
1706860385,on
1706860445,on
1706860501,on
1706860570,on
1706860620,on
1706860690,on
1706860740,on
1706860820,off
1706860880,off
1706860937,on
1706861001,on
1706861047,on
1706861105,on
1706861161,on
1706861227,on
1706861280,on
1706861341,on
1706861401,on
1706861476,on
1706861550,off
1706861591,on
1706861641,on
1706861701,on
1706861777,on
1706861831,on
1706861891,on
1706861956,on
1706862006,on
1706862066,on
1706862125,on
1706862180,on
1706862250,on
1706862301,on
1706862366,on
1706862436,on
1706862501,on
1706862547,on
1706862606,on
1706862666,on
1706862726,on
1706862780,on
1706862841,on
1706862901,on
1706862961,on
1706863021,on
1706863081,on
1706863140,on
1706863206,on
1706863266,on
1706863321,on
1706863391,on
1706863440,on
1706863501,on
1706863561,on
1706863620,on
1706863686,on
1706863741,on
1706863801,on
1706863861,on
1706863920,on
1706863980,on
1706864040,on
1706864100,on
1706864166,on
1706864221,on
1706864281,on
1706864341,on
1706864400,on
1706864470,on
1706864521,on
1706864580,on
1706864640,on
1706864700,on
1706864760,on
1706864822,on
1706864885,on
1706864940,on
1706865001,on
1706865066,on
1706865120,on
1706865183,on
1706865246,on
1706865300,on
1706865366,on
1706865420,on
1706865481,on
1706865541,on
1706865601,on
1706865665,on
1706865726,on
1706865781,on
1706865846,on
1706865900,on
1706865961,on
1706866021,on
1706866080,on
1706866140,on
1706866200,on
1706866260,on
1706866330,on
1706866390,on
1706866442,on
1706866500,on
1706866560,on
1706866620,on
1706866681,on
1706866740,on
1706866801,on
1706866880,on
1706866921,on
1706866981,on
1706867041,on
1706867105,on
1706867160,on
1706867220,on
1706867281,on
1706867346,on
1706867400,on
1706867461,on
1706867520,on
1706867580,on
1706867640,on
1706867701,on
1706867761,on
1706867831,on
1706867880,on
1706867940,on
1706868000,on
1706868073,on
1706868120,on
1706868180,on
1706868240,on
1706868300,on
1706868360,on
1706868421,on
1706868481,on
1706868540,on
1706868600,on
1706868661,on
1706868720,on
1706868780,on
1706868840,on
1706868901,on
1706868961,on
1706869021,on
1706869080,on
1706869140,on
1706869200,on
1706869260,on
1706869330,on
1706869380,on
1706869441,on
1706869525,on
1706869571,on
1706869636,on
1706869685,on
1706869740,on
1706869806,on
1706869860,on
1706869921,on
1706869980,on
1706870041,on
1706870106,on
1706870166,on
1706870241,on
1706870281,on
1706870341,on
1706870410,on
1706870485,off
1706870531,on
1706870587,on
1706870646,on
1706870700,on
1706870761,on
1706870821,on
1706870885,on
1706870940,on
1706871001,on
1706871067,on
1706871136,on
1706871191,on
1706871246,on
1706871306,on
1706871361,on
1706871425,on
1706871492,on
1706871560,off
1706871611,on
1706871680,off
1706871722,on
1706871796,on
1706871870,off
1706871911,on
1706871985,off
1706872046,on
1706872105,off
1706872158,on
1706872201,on
1706872285,off
1706872335,on
1706872400,off
1706872461,on
1706872511,on
1706872592,on
1706872626,on
1706872690,on
1706872751,on
1706872810,on
1706872876,on
1706872926,on
1706872996,on
1706873056,on
1706873116,on
1706873185,off
1706873240,off
1706873305,off
1706873351,on
1706873411,on
1706873490,off
1706873540,off
1706873591,on
1706873660,off
1706873716,on
1706873786,off
1706873845,off
1706873887,on
1706873960,off
1706874021,off
1706874085,off
1706874146,on
1706874200,off
1706874260,off
1706874320,off
1706874380,off
1706874445,off
1706874500,off
1706874560,off
1706874620,off
1706874680,off
1706874740,off
1706874800,off
1706874870,off
1706874925,off
1706874985,off
1706875040,off
1706875105,off
1706875165,off
1706875220,off
1706875281,off
1706875340,off
1706875406,off
1706875460,off
1706875520,off
1706875580,off
1706875640,off
1706875705,off
1706875752,on
1706875820,off
1706875880,off
1706875940,off
1706875991,on
1706876060,off
1706876120,off
1706876185,off
1706876245,off
1706876320,on
1706876360,off
1706876425,off
1706876491,on
1706876541,on
1706876600,off
1706876660,off
1706876720,off
1706876780,off
1706876845,off
1706876900,off
1706876961,off
1706877020,off
1706877085,off
1706877144,on
1706877200,off
1706877265,off
1706877326,on
1706877381,off
1706877445,off
1706877500,off
1706877561,off
1706877620,off
1706877680,off
1706877740,off
1706877805,off
1706877860,off
1706877925,off
1706877980,off
1706878045,off
1706878100,off
1706878160,off
1706878220,off
1706878280,off
1706878340,off
1706878411,off
1706878460,off
1706878520,off
1706878580,off
1706878640,off
1706878700,off
1706878765,off
1706878820,off
1706878880,off
1706878940,off
1706879000,off
1706879060,off
1706879120,off
1706879180,off
1706879240,off
1706879300,off
1706879360,off
1706879420,off
1706879480,off
1706879541,off
1706879600,off
1706879660,off
1706879720,off
1706879780,off
1706879840,off
1706879900,off
1706879961,off
1706880020,off
1706880080,off
1706880140,off
1706880200,off
1706880260,off
1706880320,off
1706880381,on
1706880440,off
1706880505,off
1706880560,off
1706880625,off
1706880680,off
1706880745,off
1706880800,off
1706880865,off
1706880920,off
1706880980,off
1706881045,off
1706881100,off
1706881160,off
1706881225,off
1706881280,off
1706881340,off
1706881405,off
1706881460,off
1706881520,off
1706881580,off
1706881640,off
1706881700,off
1706881766,off
1706881820,off
1706881880,off
1706881940,off
1706882005,off
1706882060,off
1706882120,off
1706882185,off
1706882240,off
1706882300,off
1706882365,off
1706882421,off
1706882480,off
1706882540,off
1706882600,off
1706882660,off
1706882725,off
1706882785,off
1706882840,off
1706882900,off
1706882960,off
1706883020,off
1706883081,off
1706883140,off
1706883200,off
1706883260,off
1706883325,off
1706883380,off
1706883440,off
1706883500,off
1706883560,off
1706883620,off
1706883680,off
1706883740,off
1706883805,off
1706883865,off
1706883920,off
1706883980,off
1706884050,off
1706884100,off
1706884161,off
1706884220,off
1706884286,on
1706884331,on
1706884400,off
1706884462,on
1706884525,off
1706884580,off
1706884640,off
1706884700,off
1706884760,off
1706884825,off
1706884885,off
1706884940,off
1706885005,off
1706885060,off
1706885120,off
1706885180,off
1706885240,off
1706885310,off
1706885360,off
1706885416,on
1706885480,off
1706885540,off
1706885600,off
1706885660,off
1706885720,off
1706885780,off
1706885822,on
1706885900,off
1706885970,on
1706886020,off
1706886080,off
1706886140,off
1706886200,off
1706886256,on
1706886320,off
1706886385,off
1706886440,off
1706886500,off
1706886547,on
1706886620,off
1706886680,off
1706886751,off
1706886810,on
1706886861,on
1706886920,off
1706886980,off
1706887040,off
1706887105,off
1706887165,off
1706887226,on
1706887271,on
1706887327,on
1706887382,on
1706887466,on
1706887507,on
1706887566,on
1706887640,off
1706887700,off
1706887750,on
1706887801,on
1706887862,on
1706887931,off
1706887982,on
1706888045,on
1706888112,on
1706888171,on
1706888221,on
1706888281,on
1706888341,on
1706888411,on
1706888461,on
1706888526,on
1706888586,on
1706888641,on
1706888702,on
1706888766,on
1706888821,on
1706888881,on
1706888947,on
1706889010,on
1706889060,on
1706889121,on
1706889186,on
1706889246,on
1706889301,on
1706889361,on
1706889426,on
1706889481,on
1706889541,on
1706889601,on
1706889680,off
1706889721,on
1706889781,on
1706889860,off
1706889920,off
1706889960,on
1706890022,on
1706890105,off
1706890170,off
1706890211,on
1706890285,off
1706890340,off
1706890386,on
1706890460,off
1706890521,on
1706890580,off
1706890640,off
1706890700,off
1706890760,off
1706890820,off
1706890876,on
1706890945,off
1706891000,off
1706891060,off
1706891120,off
1706891180,off
1706891231,on
1706891305,off
1706891370,off
1706891420,off
1706891480,off
1706891540,off
1706891605,off
1706891660,off
1706891720,off
1706891790,off
1706891840,off
1706891896,on
1706891960,off
1706892021,off
1706892080,off
1706892140,off
1706892200,off
1706892265,off
1706892320,off
1706892380,off
1706892440,off
1706892500,off
1706892562,on
1706892620,off
1706892685,off
1706892740,off
1706892800,off
1706892860,off
1706892920,off
1706892980,off
1706893040,off
1706893100,off
1706893165,off
1706893221,off
1706893280,off
1706893345,off
1706893400,off
1706893460,off
1706893525,off
1706893580,off
1706893645,off
1706893700,off
1706893760,off
1706893825,off
1706893880,off
1706893940,off
1706894000,off
1706894060,off
1706894120,off
1706894180,off
1706894240,off
1706894300,off
1706894360,off
1706894425,off
1706894481,off
1706894540,off
1706894600,off
1706894660,off
1706894720,off
1706894780,off
1706894840,off
1706894905,off
1706894960,off
1706895020,off
1706895081,off
1706895140,off
1706895200,off
1706895260,off
1706895320,off
1706895390,off
1706895440,off
1706895501,off
1706895560,off
1706895620,off
1706895680,off
1706895740,off
1706895800,off
1706895860,off
1706895925,off
1706895995,on
1706896045,off
1706896100,off
1706896160,off
1706896220,off
1706896285,off
1706896340,off
1706896400,off
1706896466,off
1706896525,off
1706896580,off
1706896650,off
1706896705,off
1706896760,off
1706896820,off
1706896880,off
1706896940,off
1706897001,off
1706897065,off
1706897125,off
1706897180,off
1706897240,off
1706897300,off
1706897360,off
1706897420,off
1706897480,off
1706897537,on
1706897600,off
1706897660,off
1706897720,off
1706897780,off
1706897840,off
1706897901,off
1706897960,off
1706898020,off
1706898080,off
1706898140,off
1706898200,off
1706898260,off
1706898325,off
1706898385,off
1706898440,off
1706898505,off
1706898560,off
1706898620,off
1706898680,off
1706898745,off
1706898800,off
1706898860,off
1706898920,off
1706898980,off
1706899046,on
1706899100,off
1706899160,off
1706899220,off
1706899286,off
1706899340,off
1706899405,off
1706899465,off
1706899520,off
1706899585,off
1706899640,off
1706899700,off
1706899760,off
1706899820,off
1706899880,off
1706899940,off
1706900000,off
1706900060,off
1706900120,off
1706900185,off
1706900240,off
1706900300,off
1706900360,off
1706900420,off
1706900485,off
1706900540,off
1706900600,off
1706900661,off
1706900720,off
1706900786,on
1706900841,on
1706900900,off
1706900960,off
1706901020,off
1706901081,off
1706901140,off
1706901200,off
1706901265,off
1706901320,off
1706901380,off
1706901445,off
1706901505,off
1706901565,off
1706901621,off
1706901680,off
1706901740,off
1706901800,off
1706901865,off
1706901920,off
1706901980,off
1706902050,on
1706902100,off
1706902160,off
1706902225,off
1706902280,off
1706902335,on
1706902400,off
1706902455,on
1706902517,on
1706902571,on
1706902626,on
1706902690,on
1706902751,on
1706902811,on
1706902861,on
1706902922,on
1706902981,on
1706903040,on
1706903100,on
1706903177,on
1706903226,on
1706903296,on
1706903346,on
1706903401,on
1706903466,on
1706903531,off
1706903580,on
1706903640,on
1706903700,on
1706903766,on
1706903820,on
1706903881,on
1706903940,on
1706904001,on
1706904061,on
1706904121,on
1706904180,on
1706904241,on
1706904301,on
1706904361,on
1706904420,on
1706904481,on
1706904540,on
1706904600,on
1706904660,on
1706904726,on
1706904781,on
1706904840,on
1706904900,on
1706904960,on
1706905020,on
1706905080,on
1706905141,on
1706905201,on
1706905260,on
1706905320,on
1706905381,on
1706905440,on
1706905500,on
1706905561,on
1706905620,on
1706905680,on
1706905740,on
1706905800,on
1706905860,on
1706905930,off
1706905980,on
1706906040,on
1706906101,on
1706906160,on
1706906221,on
1706906280,on
1706906341,on
1706906401,on
1706906460,on
1706906520,on
1706906580,on
1706906646,on
1706906700,on
1706906760,on
1706906820,on
1706906880,on
1706906940,on
1706907000,on
1706907060,on
1706907120,on
1706907180,on
1706907240,on
1706907300,on
1706907360,on
1706907420,on
1706907481,on
1706907540,on
1706907600,on
1706907660,on
1706907720,on
1706907780,on
1706907840,on
1706907900,on
1706907960,on
1706908021,on
1706908081,on
1706908140,on
1706908200,on
1706908260,on
1706908320,on
1706908380,on
1706908440,on
1706908500,on
1706908560,on
1706908620,on
1706908680,on
1706908740,on
1706908800,on
1706908861,on
1706908920,on
1706908980,on
1706909040,on
1706909101,on
1706909161,on
1706909220,on
1706909281,on
1706909341,on
1706909400,on
1706909460,on
1706909520,on
1706909580,on
1706909641,on
1706909700,on
1706909760,on
1706909821,on
1706909880,on
1706909940,on
1706910000,on
1706910060,on
1706910120,on
1706910180,on
1706910241,on
1706910300,on
1706910361,on
1706910421,on
1706910480,on
1706910540,on
1706910600,on
1706910660,on
1706910720,on
1706910780,on
1706910841,on
1706910900,on
1706910960,on
1706911020,on
1706911080,on
1706911140,on
1706911200,on
1706911260,on
1706911320,on
1706911380,on
1706911441,on
1706911500,on
1706911560,on
1706911620,on
1706911680,on
1706911740,on
1706911801,on
1706911860,on
1706911920,on
1706911981,on
1706912041,on
1706912100,on
1706912161,on
1706912220,on
1706912281,on
1706912341,on
1706912400,on
1706912460,on
1706912521,on
1706912581,on
1706912640,on
1706912701,on
1706912760,on
1706912820,on
1706912880,on
1706912940,on
1706913000,on
1706913061,on
1706913120,on
1706913181,on
1706913240,on
1706913301,on
1706913360,on
1706913420,on
1706913480,on
1706913540,on
1706913600,on
1706913660,on
1706913720,on
1706913780,on
1706913840,on
1706913900,on
1706913960,on
1706914021,on
1706914080,on
1706914140,on
1706914200,on
1706914261,on
1706914320,on
1706914380,on
1706914440,on
1706914500,on
1706914560,on
1706914620,on
1706914680,on
1706914740,on
1706914800,on
1706914860,on
1706914920,on
1706914980,on
1706915040,on
1706915100,on
1706915160,on
1706915220,on
1706915280,on
1706915340,on
1706915400,on
1706915460,on
1706915520,on
1706915580,on
1706915640,on
1706915700,on
1706915760,on
1706915820,on
1706915880,on
1706915940,on
1706916001,on
1706916060,on
1706916120,on
1706916180,on
1706916240,on
1706916300,on
1706916360,on
1706916421,on
1706916480,on
1706916540,on
1706916600,on
1706916660,on
1706916720,on
1706916780,on
1706916840,on
1706916900,on
1706916960,on
1706917020,on
1706917080,on
1706917140,on
1706917200,on
1706917260,on
1706917321,on
1706917380,on
1706917440,on
1706917500,on
1706917560,on
1706917620,on
1706917680,on
1706917740,on
1706917800,on
1706917860,on
1706917920,on
1706917980,on
1706918040,on
1706918100,on
1706918160,on
1706918221,on
1706918280,on
1706918340,on
1706918400,on
1706918460,on
1706918520,on
1706918581,on
1706918640,on
1706918700,on
1706918760,on
1706918820,on
1706918880,on
1706918941,on
1706919000,on
1706919060,on
1706919120,on
1706919180,on
1706919240,on
1706919300,on
1706919360,on
1706919420,on
1706919480,on
1706919540,on
1706919600,on
1706919660,on
1706919720,on
1706919780,on
1706919840,on
1706919900,on
1706919960,on
1706920020,on
1706920080,on
1706920140,on
1706920200,on
1706920260,on
1706920320,on
1706920380,on
1706920440,on
1706920500,on
1706920561,on
1706920620,on
1706920681,on
1706920740,on
1706920800,on
1706920860,on
1706920920,on
1706920980,on
1706921040,on
1706921100,on
1706921160,on
1706921220,on
1706921281,on
1706921340,on
1706921400,on
1706921460,on
1706921520,on
1706921580,on
1706921640,on
1706921700,on
1706921761,on
1706921820,on
1706921880,on
1706921940,on
1706922000,on
1706922060,on
1706922120,on
1706922180,on
1706922240,on
1706922301,on
1706922360,on
1706922420,on
1706922481,on
1706922540,on
1706922600,on
1706922660,on
1706922720,on
1706922780,on
1706922840,on
1706922900,on
1706922960,on
1706923020,on
1706923080,on
1706923140,on
1706923200,on
1706923260,on
1706923320,on
1706923380,on
1706923440,on
1706923500,on
1706923560,on
1706923620,on
1706923681,on
1706923740,on
1706923800,on
1706923860,on
1706923920,on
1706923980,on
1706924040,on
1706924100,on
1706924160,on
1706924220,on
1706924280,on
1706924340,on
1706924400,on
1706924461,on
1706924520,on
1706924580,on
1706924641,on
1706924700,on
1706924760,on
1706924820,on
1706924880,on
1706924940,on
1706925000,on
1706925060,on
1706925121,on
1706925180,on
1706925240,on
1706925300,on
1706925361,on
1706925420,on
1706925480,on
1706925540,on
1706925600,on
1706925660,on
1706925720,on
1706925780,on
1706925840,on
1706925900,on
1706925960,on
1706926021,on
1706926080,on
1706926141,on
1706926200,on
1706926260,on
1706926320,on
1706926380,on
1706926440,on
1706926500,on
1706926561,on
1706926620,on
1706926680,on
1706926740,on
1706926800,on
1706926860,on
1706926920,on
1706926980,on
1706927040,on
1706927100,on
1706927160,on
1706927220,on
1706927280,on
1706927340,on
1706927400,on
1706927460,on
1706927520,on
1706927580,on
1706927640,on
1706927701,on
1706927760,on
1706927820,on
1706927880,on
1706927940,on
1706928001,on
1706928060,on
1706928120,on
1706928180,on
1706928240,on
1706928300,on
1706928360,on
1706928420,on
1706928481,on
1706928540,on
1706928600,on
1706928660,on
1706928720,on
1706928781,on
1706928840,on
1706928900,on
1706928960,on
1706929021,on
1706929081,on
1706929140,on
1706929200,on
1706929265,on
1706929320,on
1706929380,on
1706929440,on
1706929500,on
1706929560,on
1706929620,on
1706929680,on
1706929741,on
1706929800,on
1706929860,on
1706929920,on
1706929980,on
1706930041,on
1706930100,on
1706930160,on
1706930220,on
1706930280,on
1706930340,on
1706930400,on
1706930460,on
1706930521,on
1706930580,on
1706930640,on
1706930700,on
1706930761,on
1706930820,on
1706930880,on
1706930940,on
1706931000,on
1706931061,on
1706931120,on
1706931180,on
1706931241,on
1706931300,on
1706931360,on
1706931421,on
1706931481,on
1706931541,on
1706931600,on
1706931660,on
1706931720,on
1706931780,on
1706931840,on
1706931900,on
1706931960,on
1706932020,on
1706932080,on
1706932140,on
1706932200,on
1706932261,on
1706932320,on
1706932380,on
1706932440,on
1706932501,on
1706932561,on
1706932620,on
1706932680,on
1706932740,on
1706932800,on
1706932860,on
1706932920,on
1706932980,on
1706933040,on
1706933100,on
1706933160,on
1706933220,on
1706933281,on
1706933340,on
1706933400,on
1706933460,on
1706933520,on
1706933580,on
1706933640,on
1706933700,on
1706933760,on
1706933820,on
1706933880,on
1706933940,on
1706934000,on
1706934060,on
1706934120,on
1706934180,on
1706934240,on
1706934301,on
1706934360,on
1706934421,on
1706934480,on
1706934540,on
1706934601,on
1706934660,on
1706934726,on
1706934780,on
1706934841,on
1706934900,on
1706934961,on
1706935021,on
1706935080,on
1706935140,on
1706935201,on
1706935260,on
1706935320,on
1706935381,on
1706935441,on
1706935500,on
1706935565,on
1706935620,on
1706935680,on
1706935740,on
1706935810,on
1706935861,on
1706935920,on
1706935980,on
1706936040,on
1706936100,on
1706936160,on
1706936221,on
1706936280,on
1706936340,on
1706936400,on
1706936460,on
1706936521,on
1706936585,on
1706936640,on
1706936700,on
1706936760,on
1706936820,on
1706936881,on
1706936941,on
1706937020,on
1706937070,on
1706937121,on
1706937190,on
1706937240,on
1706937305,on
1706937361,on
1706937420,on
1706937480,on
1706937541,on
1706937601,on
1706937660,on
1706937730,on
1706937781,on
1706937840,on
1706937901,on
1706937966,on
1706938020,on
1706938080,on
1706938140,on
1706938200,on
1706938260,on
1706938320,on
1706938381,on
1706938440,on
1706938501,on
1706938560,on
1706938620,on
1706938681,on
1706938751,on
1706938806,on
1706938860,on
1706938921,on
1706938986,on
1706939055,on
1706939111,on
1706939160,on
1706939226,on
1706939286,on
1706939345,on
1706939400,on
1706939476,on
1706939521,on
1706939580,on
1706939645,on
1706939701,on
1706939760,on
1706939841,on
1706939886,on
1706939941,on
1706940010,on
1706940060,on
1706940121,on
1706940181,on
1706940241,on
1706940301,on
1706940360,on
1706940421,on
1706940480,on
1706940540,on
1706940601,on
1706940660,on
1706940720,on
1706940780,on
1706940840,on
1706940900,on
1706940960,on
1706941020,on
1706941080,on
1706941141,on
1706941200,on
1706941260,on
1706941320,on
1706941380,on
1706941440,on
1706941501,on
1706941560,on
1706941621,on
1706941686,on
1706941740,on
1706941800,on
1706941861,on
1706941920,on
1706941980,on
1706942040,on
1706942101,on
1706942160,on
1706942220,on
1706942280,on
1706942340,on
1706942400,on
1706942460,on
1706942520,on
1706942580,on
1706942640,on
1706942700,on
1706942765,on
1706942820,on
1706942880,on
1706942940,on
1706943001,on
1706943061,on
1706943121,on
1706943181,on
1706943240,on
1706943301,on
1706943366,on
1706943426,on
1706943486,on
1706943551,on
1706943600,on
1706943662,on
1706943721,on
1706943781,on
1706943850,on
1706943902,on
1706943962,on
1706944030,on
1706944102,on
1706944160,off
1706944200,on
1706944260,on
1706944320,on
1706944381,on
1706944448,on
1706944501,on
1706944560,on
1706944620,on
1706944680,on
1706944740,on
1706944800,on
1706944860,on
1706944920,on
1706944981,on
1706945040,on
1706945100,on
1706945161,on
1706945221,on
1706945280,on
1706945340,on
1706945401,on
1706945460,on
1706945521,on
1706945580,on
1706945641,on
1706945700,on
1706945760,on
1706945820,on
1706945880,on
1706945941,on
1706946001,on
1706946060,on
1706946121,on
1706946186,on
1706946240,on
1706946300,on
1706946360,on
1706946421,on
1706946481,on
1706946540,on
1706946600,on
1706946660,on
1706946720,on
1706946780,on
1706946840,on
1706946901,on
1706946960,on
1706947020,on
1706947080,on
1706947140,on
1706947205,on
1706947261,on
1706947320,on
1706947380,on
1706947440,on
1706947500,on
1706947560,on
1706947620,on
1706947681,on
1706947740,on
1706947800,on
1706947860,on
1706947920,on
1706947980,on
1706948040,on
1706948100,on
1706948162,on
1706948221,on
1706948280,on
1706948340,on
1706948400,on
1706948460,on
1706948520,on
1706948580,on
1706948640,on
1706948700,on
1706948761,on
1706948821,on
1706948881,on
1706948940,on
1706949001,on
1706949061,on
1706949121,on
1706949181,on
1706949240,on
1706949300,on
1706949361,on
1706949421,on
1706949480,on
1706949540,on
1706949600,on
1706949660,on
1706949720,on
1706949781,on
1706949840,on
1706949901,on
1706949966,on
1706950021,on
1706950080,on
1706950141,on
1706950200,on
1706950260,on
1706950320,on
1706950380,on
1706950440,on
1706950500,on
1706950560,on
1706950620,on
1706950680,on
1706950741,on
1706950810,on
1706950860,on
1706950920,on
1706950981,on
1706951040,on
1706951100,on
1706951160,on
1706951221,on
1706951280,on
1706951340,on
1706951400,on
1706951461,on
1706951521,on
1706951580,on
1706951640,on
1706951700,on
1706951761,on
1706951820,on
1706951881,on
1706951946,on
1706952000,on
1706952066,on
1706952120,on
1706952181,on
1706952241,on
1706952306,on
1706952360,on
1706952421,on
1706952480,on
1706952541,on
1706952600,on
1706952662,on
1706952731,on
1706952780,on
1706952841,on
1706952901,on
1706952960,on
1706953021,on
1706953086,on
1706953140,on
1706953200,on
1706953265,on
1706953320,on
1706953380,on
1706953440,on
1706953500,on
1706953561,on
1706953640,off
1706953692,off
1706953752,off
1706953800,on
1706953860,on
1706953920,on
1706953980,on
1706954040,on
1706954100,on
1706954160,on
1706954221,on
1706954280,on
1706954340,on
1706954400,on
1706954460,on
1706954520,on
1706954580,on
1706954640,on
1706954700,on
1706954760,on
1706954820,on
1706954880,on
1706954940,on
1706955000,on
1706955061,on
1706955120,on
1706955180,on
1706955240,on
1706955301,on
1706955361,on
1706955421,on
1706955480,on
1706955540,on
1706955601,on
1706955660,on
1706955721,on
1706955780,on
1706955840,on
1706955901,on
1706955961,on
1706956020,on
1706956081,on
1706956140,on
1706956200,on
1706956260,on
1706956320,on
1706956380,on
1706956440,on
1706956500,on
1706956560,on
1706956620,on
1706956681,on
1706956740,on
1706956800,on
1706956861,on
1706956920,on
1706956980,on
1706957040,on
1706957101,on
1706957160,on
1706957220,on
1706957280,on
1706957340,on
1706957401,on
1706957460,on
1706957520,on
1706957580,on
1706957640,on
1706957700,on
1706957761,on
1706957820,on
1706957880,on
1706957940,on
1706958000,on
1706958060,on
1706958120,on
1706958181,on
1706958240,on
1706958300,on
1706958360,on
1706958420,on
1706958480,on
1706958540,on
1706958601,on
1706958660,on
1706958720,on
1706958780,on
1706958840,on
1706958900,on
1706958960,on
1706959020,on
1706959080,on
1706959141,on
1706959200,on
1706959260,on
1706959320,on
1706959380,on
1706959440,on
1706959500,on
1706959561,on
1706959620,on
1706959681,on
1706959740,on
1706959800,on
1706959860,on
1706959920,on
1706959980,on
1706960040,on
1706960101,on
1706960160,on
1706960220,on
1706960280,on
1706960340,on
1706960400,on
1706960460,on
1706960520,on
1706960580,on
1706960641,on
1706960700,on
1706960765,on
1706960821,on
1706960881,on
1706960941,on
1706961001,on
1706961060,on
1706961120,on
1706961180,on
1706961240,on
1706961300,on
1706961360,on
1706961420,on
1706961485,on
1706961540,on
1706961601,on
1706961661,on
1706961721,on
1706961781,on
1706961841,on
1706961901,on
1706961960,on
1706962021,on
1706962081,on
1706962140,on
1706962201,on
1706962260,on
1706962320,on
1706962380,on
1706962442,on
1706962506,on
1706962565,on
1706962625,on
1706962681,on
1706962740,on
1706962801,on
1706962861,on
1706962930,on
1706962981,on
1706963041,on
1706963100,on
1706963160,on
1706963220,on
1706963280,on
1706963340,on
1706963400,on
1706963471,on
1706963520,on
1706963600,off
1706963651,on
1706963711,on
1706963766,on
1706963840,on
1706963901,on
1706963951,on
1706964011,on
1706964060,on
1706964120,on
1706964186,on
1706964266,on
1706964316,on
1706964375,on
1706964440,off
1706964490,on
1706964565,off
1706964601,on
1706964670,on
1706964740,off
1706964787,on
1706964865,off
1706964920,off
1706964980,off
1706965040,off
1706965100,off
1706965160,off
1706965226,on
1706965280,off
1706965340,off
1706965407,on
1706965460,off
1706965520,off
1706965590,off
1706965621,on
1706965700,off
1706965766,off
1706965820,off
1706965880,off
1706965940,off
1706966005,off
1706966060,off
1706966120,off
1706966161,on
1706966221,on
1706966281,on
1706966346,on
1706966411,on
1706966481,on
1706966531,on
1706966586,on
1706966665,off
1706966725,off
1706966785,off
1706966836,on
1706966901,off
1706966971,on
1706967020,off
1706967070,on
1706967142,on
1706967210,off
1706967260,off
1706967332,on
1706967386,on
1706967431,on
1706967491,on
1706967560,off
1706967630,on
1706967686,on
1706967740,off
1706967800,off
1706967856,on
1706967920,off
1706967980,off
1706968021,on
1706968080,on
1706968140,on
1706968210,on
1706968261,on
1706968321,on
1706968402,on
1706968441,on
1706968511,on
1706968561,on
1706968622,on
1706968680,on
1706968767,on
1706968800,on
1706968870,on
1706968941,on
1706969000,off
1706969055,on
1706969106,on
1706969175,on
1706969221,on
1706969290,on
1706969380,on
1706969421,off
1706969461,on
1706969520,on
1706969581,on
1706969650,on
1706969700,on
1706969760,on
1706969825,on
1706969890,on
1706969940,on
1706970000,on
1706970066,on
1706970121,on
1706970185,on
1706970240,on
1706970301,on
1706970360,on
1706970420,on
1706970481,on
1706970541,on
1706970600,on
1706970660,on
1706970720,on
1706970780,on
1706970840,on
1706970901,on
1706970960,on
1706971021,on
1706971080,on
1706971140,on
1706971200,on
1706971260,on
1706971320,on
1706971380,on
1706971440,on
1706971500,on
1706971560,on
1706971620,on
1706971681,on
1706971740,on
1706971800,on
1706971861,on
1706971921,on
1706971980,on
1706972045,on
1706972100,on
1706972160,on
1706972220,on
1706972280,on
1706972340,on
1706972400,on
1706972461,on
1706972520,on
1706972581,on
1706972645,on
1706972700,on
1706972760,on
1706972821,on
1706972880,on
1706972940,on
1706973000,on
1706973061,on
1706973120,on
1706973180,on
1706973240,on
1706973300,on
1706973360,on
1706973421,on
1706973480,on
1706973540,on
1706973606,on
1706973661,on
1706973720,on
1706973781,on
1706973846,on
1706973900,on
1706973960,on
1706974020,on
1706974080,on
1706974140,on
1706974201,on
1706974260,on
1706974321,on
1706974381,on
1706974440,on
1706974501,on
1706974570,on
1706974621,on
1706974681,on
1706974740,on
1706974800,on
1706974860,on
1706974920,on
1706974980,on
1706975041,on
1706975100,on
1706975160,on
1706975220,on
1706975280,on
1706975340,on
1706975400,on
1706975460,on
1706975520,on
1706975580,on
1706975640,on
1706975700,on
1706975760,on
1706975820,on
1706975881,on
1706975940,on
1706976001,on
1706976060,on
1706976120,on
1706976180,on
1706976240,on
1706976300,on
1706976360,on
1706976420,on
1706976480,on
1706976541,on
1706976600,on
1706976660,on
1706976720,on
1706976780,on
1706976841,on
1706976901,on
1706976960,on
1706977020,on
1706977080,on
1706977141,on
1706977200,on
1706977260,on
1706977325,on
1706977381,on
1706977441,on
1706977501,on
1706977570,off
1706977620,on
1706977680,on
1706977740,on
1706977800,on
1706977860,on
1706977925,on
1706977980,on
1706978040,on
1706978101,on
1706978161,on
1706978225,on
1706978281,on
1706978340,on
1706978400,on
1706978465,on
1706978521,on
1706978581,on
1706978640,on
1706978707,on
1706978771,on
1706978820,on
1706978880,on
1706978961,on
1706979011,on
1706979061,on
1706979121,on
1706979180,on
1706979241,on
1706979300,on
1706979370,on
1706979420,on
1706979481,on
1706979551,on
1706979600,on
1706979685,off
1706979740,off
1706979781,on
1706979865,off
1706979901,on
1706979966,on
1706980031,on
1706980090,on
1706980160,off
1706980220,off
1706980275,on
1706980350,off
1706980400,off
1706980470,off
1706980525,off
1706980580,off
1706980637,on
1706980700,off
1706980760,off
1706980832,on
1706980881,off
1706980940,off
1706981020,on
1706981060,off
1706981120,off
1706981180,off
1706981245,off
1706981310,off
1706981365,off
1706981420,off
1706981480,off
1706981540,off
1706981600,off
1706981665,off
1706981725,off
1706981780,off
1706981840,off
1706981901,off
1706981960,off
1706982020,off
1706982080,off
1706982140,off
1706982200,off
1706982260,off
1706982325,off
1706982380,off
1706982441,off
1706982500,off
1706982560,off
1706982620,off
1706982680,off
1706982740,off
1706982800,off
1706982860,off
1706982925,off
1706982980,off
1706983040,off
1706983105,off
1706983160,off
1706983220,off
1706983280,off
1706983340,off
1706983400,off
1706983460,off
1706983525,off
1706983580,off
1706983640,off
1706983705,off
1706983760,off
1706983821,off
1706983880,off
1706983940,off
1706984000,off
1706984060,off
1706984125,off
1706984180,off
1706984240,off
1706984300,off
1706984360,off
1706984421,off
1706984480,off
1706984540,off
1706984600,off
1706984665,off
1706984720,off
1706984780,off
1706984840,off
1706984905,off
1706984960,off
1706985020,off
1706985080,off
1706985145,off
1706985200,off
1706985260,off
1706985316,on
1706985386,off
1706985440,off
1706985500,off
1706985560,off
1706985620,off
1706985680,off
1706985745,off
1706985805,off
1706985865,off
1706985920,off
1706985980,off
1706986040,off
1706986105,off
1706986160,off
1706986220,off
1706986281,off
1706986345,off
1706986400,off
1706986460,off
1706986520,off
1706986580,off
1706986645,off
1706986701,on
1706986760,off
1706986820,off
1706986880,off
1706986940,off
1706987000,off
1706987065,off
1706987125,off
1706987180,off
1706987240,off
1706987310,off
1706987356,on
1706987425,off
1706987480,off
1706987545,off
1706987600,off
1706987660,off
1706987725,off
1706987780,off
1706987840,off
1706987900,off
1706987965,off
1706988031,on
1706988061,on
1706988132,on
1706988200,off
1706988270,on
1706988320,off
1706988385,off
1706988442,on
1706988500,off
1706988541,on
1706988620,off
1706988676,on
1706988743,on
1706988810,off
1706988863,on
1706988926,off
1706988985,off
1706989045,off
1706989107,on
1706989165,off
1706989217,on
1706989260,on
1706989335,on
1706989382,on
1706989446,on
1706989500,on
1706989566,on
1706989625,on
1706989681,on
1706989740,on
1706989800,on
1706989876,on
1706989926,on
1706989981,on
1706990046,on
1706990101,on
1706990160,on
1706990220,on
1706990285,on
1706990340,on
1706990401,on
1706990460,on
1706990520,on
1706990581,on
1706990640,on
1706990700,on
1706990761,on
1706990825,on
1706990881,on
1706990946,on
1706991001,on
1706991066,on
1706991120,on
1706991180,on
1706991240,on
1706991307,on
1706991360,on
1706991421,on
1706991480,on
1706991540,on
1706991600,on
1706991661,on
1706991721,on
1706991781,on
1706991841,on
1706991900,on
1706991960,on
1706992020,on
1706992080,on
1706992140,on
1706992200,on
1706992260,on
1706992320,on
1706992380,on
1706992441,on
1706992500,on
1706992560,on
1706992620,on
1706992691,on
1706992740,on
1706992800,on
1706992860,on
1706992920,on
1706992980,on
1706993040,on
1706993100,on
1706993160,on
1706993220,on
1706993280,on
1706993340,on
1706993400,on
1706993460,on
1706993520,on
1706993580,on
1706993640,on
1706993700,on
1706993760,on
1706993821,on
1706993880,on
1706993940,on
1706994000,on
1706994060,on
1706994121,on
1706994186,on
1706994240,on
1706994305,on
1706994375,off
1706994421,on
1706994480,on
1706994541,on
1706994600,on
1706994660,on
1706994720,on
1706994780,on
1706994840,on
1706994901,on
1706994960,on
1706995020,on
1706995080,on
1706995140,on
1706995200,on
1706995260,on
1706995320,on
1706995381,on
1706995440,on
1706995500,on
1706995560,on
1706995620,on
1706995680,on
1706995740,on
1706995800,on
1706995860,on
1707036871,on
1707036920,off
1707036980,off
1707037040,off
1707037105,off
1707037160,off
1707037220,off
1707037280,off
1707037340,off
1707037400,off
1707037460,off
1707037520,off
1707037580,off
1707037640,off
1707037696,on
1707037760,off
1707037820,off
1707037880,off
1707037945,off
1707038001,off
1707038060,off
1707038120,off
1707038180,off
1707038240,off
1707038300,off
1707038360,off
1707038420,off
1707038480,off
1707038540,off
1707038600,off
1707038660,off
1707038720,off
1707038780,off
1707038840,off
1707038900,off
1707038960,off
1707039020,off
1707039080,off
1707039140,off
1707039200,off
1707039260,off
1707039320,off
1707039380,off
1707039440,off
1707039505,off
1707039560,off
1707039602,on
1707039680,off
1707039736,on
1707039805,off
1707039860,off
1707039920,off
1707039980,off
1707040041,off
1707040100,off
1707040165,off
1707040220,off
1707040280,off
1707040341,off
1707040400,off
1707040460,off
1707040525,off
1707040585,off
1707040640,off
1707040700,off
1707040760,off
1707040825,off
1707040880,off
1707040940,off
1707041000,off
1707041060,off
1707041121,on
1707041180,off
1707041240,off
1707041300,off
1707041360,off
1707041420,off
1707041485,off
1707041540,off
1707041600,off
1707041660,off
1707041720,off
1707041780,off
1707041840,off
1707041900,off
1707041960,off
1707042025,off
1707042080,off
1707042150,off
1707042210,off
1707042260,off
1707042320,off
1707042380,off
1707042440,off
1707042505,off
1707042565,off
1707042607,on
1707042700,on
1707042740,off
1707042800,off
1707042860,off
1707042920,off
1707042985,off
1707043040,off
1707043105,off
1707043165,off
1707043225,off
1707043280,off
1707043400,off
1707043460,off
1707043525,off
1707043580,off
1707043640,off
1707043701,off
1707043765,off
1707043820,off
1707043880,off
1707043945,off
1707044000,off
1707044060,off
1707044125,off
1707044180,off
1707044250,off
1707044300,off
1707044360,off
1707044420,off
1707044480,off
1707044540,off
1707044602,on
1707044656,on
1707044720,off
1707044780,off
1707044850,off
1707044900,off
1707044960,off
1707045020,off
1707045082,on
1707045145,off
1707045200,off
1707045260,off
1707045325,off
1707045380,off
1707045440,off
1707045511,off
1707045562,on
1707045630,off
1707045670,on
1707045721,on
1707045787,on
1707045866,on
1707045926,on
1707045971,on
1707046036,on
1707046091,on
1707046160,off
1707046220,off
1707046267,on
1707046340,off
1707046390,on
1707046446,on
1707046506,on
1707046581,on
1707046621,on
1707046695,on
1707046760,off
1707046811,on
1707046880,off
1707046940,off
1707047000,off
1707047060,off
1707047120,off
1707047185,off
1707047240,off
1707047306,off
1707047351,on
1707047415,on
1707047477,on
1707047530,on
1707047581,on
1707047640,on
1707047721,on
1707047771,on
1707047821,on
1707047902,on
1707047945,on
1707048006,on
1707048086,on
1707048145,off
1707048201,on
1707048246,on
1707048300,on
1707048361,on
1707048421,on
1707048486,on
1707048547,on
1707048606,on
1707048670,on
1707048757,on
1707048800,on
1707048851,on
1707048920,off
1707048971,on
1707049020,on
1707049091,on
1707049161,on
1707049201,on
1707049261,on
1707049331,on
1707049391,on
1707049462,on
1707049520,off
1707049570,on
1707049645,off
1707049697,on
1707049760,off
1707049820,off
1707049880,off
1707049945,off
1707050010,off
1707050065,off
1707050117,on
1707050185,off
1707050241,off
1707050305,off
1707050372,on
1707050417,on
1707050485,off
1707050545,off
1707050601,on
1707050660,off
1707050730,off
1707050780,off
1707050850,off
1707050906,on
1707050960,off
1707051020,off
1707051080,off
1707051140,off
1707051217,on
1707051260,off
1707051325,off
1707051385,off
1707051440,off
1707051500,off
1707051560,off
1707051625,off
1707051671,on
1707051740,off
1707051800,off
1707051860,off
1707051920,off
1707051985,off
1707052040,off
1707052100,off
1707052165,off
1707052220,off
1707052280,off
1707052340,off
1707052400,off
1707052465,off
1707052525,off
1707052585,off
1707052640,off
1707052700,off
1707052760,off
1707052820,off
1707052880,off
1707052940,off
1707053000,off
1707053060,off
1707053125,off
1707053180,off
1707053240,on
1707053300,off
1707053360,off
1707053425,off
1707053485,off
1707053545,off
1707053600,off
1707053665,off
1707053720,off
1707053785,off
1707053848,on
1707053905,off
1707053960,off
1707054020,off
1707054080,off
1707054140,off
1707054200,off
1707054261,on
1707054321,off
1707054385,off
1707054440,off
1707054500,off
1707054560,off
1707054620,off
1707054690,off
1707054740,off
1707054800,off
1707054860,off
1707054925,off
1707054980,off
1707055045,off
1707055100,off
1707055160,off
1707055220,off
1707055285,off
1707055345,off
1707055400,off
1707055460,off
1707055520,off
1707055585,off
1707055640,off
1707055700,off
1707055761,on
1707055830,off
1707055885,off
1707055945,off
1707056000,off
1707056061,on
1707056120,off
1707056162,on
1707056245,off
1707056300,off
1707056370,off
1707056420,off
1707056480,off
1707056545,off
1707056600,off
1707056656,on
1707056725,off
1707056780,off
1707056840,off
1707056900,off
1707056960,off
1707057020,off
1707057080,off
1707057140,off
1707057200,off
1707057265,off
1707057330,off
1707057380,off
1707057431,on
1707057500,off
1707057560,off
1707057630,off
1707057680,off
1707057745,off
1707057800,off
1707057865,off
1707057920,off
1707057980,off
1707058045,off
1707058105,off
1707058160,off
1707058207,on
1707058270,on
1707058346,on
1707058405,off
1707058451,on
1707058525,off
1707058580,off
1707058651,off
1707058691,on
1707058761,on
1707058816,on
1707058866,on
1707058950,off
1707058991,on
1707059065,off
1707059111,on
1707059180,off
1707059226,on
1707059295,on
1707059346,on
1707059400,on
1707059461,on
1707059521,on
1707059581,on
1707059646,on
1707059706,on
1707059761,on
1707059831,on
1707059880,on
1707059945,on
1707060001,on
1707060061,on
1707060120,on
1707060181,on
1707060241,on
1707060301,on
1707060361,on
1707060420,on
1707060481,on
1707060540,on
1707060600,on
1707060660,on
1707060720,on
1707060781,on
1707060846,on
1707060901,on
1707060960,on
1707061021,on
1707061086,on
1707061146,on
1707061200,on
1707061267,on
1707061320,on
1707061381,on
1707061440,on
1707061501,on
1707061560,on
1707061620,on
1707061681,on
1707061740,on
1707061800,on
1707061861,on
1707061921,on
1707061981,on
1707062040,on
1707062100,on
1707062161,on
1707062221,on
1707062286,on
1707062340,on
1707062400,on
1707062460,on
1707062520,on
1707062580,on
1707062640,on
1707062701,on
1707062766,on
1707062821,on
1707062880,on
1707062941,on
1707063000,on
1707063071,on
1707063120,on
1707063181,on
1707063250,on
1707063300,on
1707063361,on
1707063432,on
1707063485,on
1707063556,on
1707063611,on
1707063661,on
1707063736,on
1707063780,on
1707063851,on
1707063922,on
1707063961,on
1707064051,on
1707064105,on
1707064160,off
1707064221,on
1707064285,off
1707064345,off
1707064406,on
1707064460,off
1707064520,off
1707064585,off
1707064640,off
1707064706,off
1707064760,off
1707064820,off
1707064880,off
1707064940,off
1707065000,off
1707065060,off
1707065120,off
1707065167,on
1707065240,off
1707065300,off
1707065360,off
1707065425,off
1707065485,off
1707065540,off
1707065600,off
1707065660,off
1707065720,off
1707065780,off
1707065840,off
1707065900,off
1707065960,off
1707066025,off
1707066080,off
1707066140,off
1707066200,off
1707066260,off
1707066315,on
1707066380,off
1707066440,off
1707066500,off
1707066560,off
1707066620,off
1707066680,off
1707066740,off
1707066800,off
1707066860,off
1707066920,off
1707066980,off
1707067040,off
1707067105,off
1707067160,off
1707067220,off
1707067280,off
1707067340,off
1707067410,off
1707067460,off
1707067520,off
1707067580,off
1707067640,off
1707067700,off
1707067760,off
1707067820,off
1707067880,off
1707067940,off
1707068001,off
1707068060,off
1707068120,off
1707068180,off
1707068240,off
1707068300,off
1707068365,off
1707068420,off
1707068485,off
1707068540,off
1707068605,off
1707068661,off
1707068720,off
1707068780,off
1707068840,off
1707068900,off
1707068960,off
1707069020,off
1707069080,off
1707069140,off
1707069201,off
1707069260,off
1707069320,off
1707069380,off
1707069440,off
1707069500,off
1707069565,off
1707069620,off
1707069680,off
1707069740,off
1707069800,off
1707069860,off
1707069920,off
1707069980,off
1707070045,off
1707070100,off
1707070160,off
1707070221,on
1707070280,off
1707070340,off
1707070400,off
1707070460,off
1707070520,off
1707070580,off
1707070640,off
1707070700,off
1707070761,off
1707070825,off
1707070885,off
1707070940,off
1707071000,off
1707071060,off
1707071120,off
1707071185,off
1707071231,on
1707071290,on
1707071360,off
1707071420,off
1707071485,off
1707071540,off
1707071600,off
1707071660,off
1707071720,off
1707071786,off
1707071840,off
1707071900,off
1707071960,off
1707072020,off
1707072085,off
1707072140,off
1707072200,off
1707072260,off
1707072325,off
1707072380,off
1707072440,off
1707072505,off
1707072560,off
1707072620,off
1707072685,off
1707072740,off
1707072800,off
1707072860,off
1707072920,off
1707072985,off
1707073046,on
1707073100,off
1707073160,off
